{"name": "logistic", "features": ["MDS1_total", "MDS2_total", "MDS3_off_total", "SCOPA_total", "MOCA_total", "REM_total", "PUTAMEN_R", "PUTAMEN_L", "CAUDATE_R", "CAUDATE_L"], "dimension": 10, "source_dimension": 5, "parameters": {"g": [1.5532125234603882, 1.3721427917480469, 0.8376054763793945, 1.0398740768432617, 1.9327354431152344, 0.40258198976516724, -1.4025607109069824, -1.275970220565796, -0.34123289585113525, -0.18631374835968018], "v0": [-4.290371894836426, -4.011652946472168, -4.12695837020874, -4.049552917480469, -4.7038350105285645, -3.6945090293884277, -4.119535446166992, -4.254885673522949, -3.4454853534698486, -3.551861524581909], "betas": [[0.022867757827043533, -0.018673457205295563, 0.08012399077415466, -0.05226727947592735, 0.004602856934070587], [0.06208032742142677, -0.044880110770463943, 0.017335986718535423, -0.003303122241050005, -0.0023829417768865824], [-0.038223545998334885, 0.010009386576712132, 0.09512048214673996, 0.04562824219465256, 0.03648453950881958], [0.04032524302601814, 0.011124287731945515, 0.012632835656404495, 0.08362790942192078, -0.01966802403330803], [-0.10666465759277344, 0.03585749864578247, 0.014722926542162895, -0.027468279004096985, -0.1378234177827835], [0.05021880194544792, 0.03804484009742737, -0.04667508974671364, -0.012410802766680717, 0.017371080815792084], [-0.003981139976531267, -0.018604358658194542, -0.036083631217479706, -0.022391391918063164, 0.035717740654945374], [0.07980731129646301, 0.08648630976676941, -0.08121443539857864, -0.028030740097165108, 0.06995158642530441], [-0.006746004801243544, 0.009143340401351452, -0.07241704314947128, -0.03611191362142563, 0.09148267656564713]], "tau_mean": 69.338134765625, "tau_std": 9.921789169311523, "xi_mean": 0.0, "xi_std": 0.4458251893520355, "sources_mean": 0.0, "sources_std": 1.0, "noise_std": 0.07895613461732864, "mixing_matrix": [[0.00600315909832716, 0.019598660990595818, 0.05276689678430557, -0.010568578727543354, -0.001064213109202683], [0.018081411719322205, -0.0342995710670948, 0.038052674382925034, -0.04384090006351471, 0.005451366771012545], [0.058815330266952515, -0.05553940683603287, -0.011362818069756031, 0.0024449052289128304, -0.0018041366711258888], [-0.042176492512226105, -0.0028958949260413647, 0.06037465110421181, 0.052587416023015976, 0.03718530386686325], [0.03745272383093834, 0.0017462967662140727, -0.012616212479770184, 0.08868498355150223, -0.019158795475959778], [-0.11037427932024002, 0.023746579885482788, -0.01788417436182499, -0.020937466993927956, -0.13716578483581543], [0.049955662339925766, 0.03718576580286026, -0.04898802936077118, -0.011947548016905785, 0.017417727038264275], [-0.004262018483132124, -0.019521350041031837, -0.03855251520872116, -0.021896904334425926, 0.035767532885074615], [0.07751990109682083, 0.07901856303215027, -0.10132040083408356, -0.024003755301237106, 0.07035708427429199], [-0.009196438826620579, 0.001143345725722611, -0.09395600855350494, -0.03179791569709778, 0.09191708266735077]]}}